Group,Economic_Prosperity_GDP,Institutional_Strength_ISI,Social_Cohesion_SBI,Mental_Health_Suicide,Economic_Equality_Gini,Community_Structure_OnePersonHH
Developmental Strain,29519.466084210526,6.453876119467605,-3.731742169385188,10.421643473333335,30.02109375,24.222630952380953
High Cost Cap,20462.447165789476,-1.781050971914979,-1.8890840377292717,8.531127947685185,38.12222222222223,18.12221725670163
Ideal,19875.193600000002,5.078304896330287,2.297268318339609,3.3897588146428568,29.346875,7.825984848484848
Nordic Paradox,38819.545105263154,5.788106282806506,-3.583660688127855,6.678642674479167,31.172058823529408,25.69445587121212
Traditional,9716.316712162161,-2.906153289280064,2.7448896979719923,4.300036760641026,37.70950310559006,6.615261949601889
